{
  "project_info": {
    "project_number": "153871929621",
    "project_id": "lntproject-d3aef",
    "storage_bucket": "lntproject-d3aef.appspot.com"
  },
  "client": [
    {
      "client_info": {
        "mobilesdk_app_id": "1:153871929621:android:2a88726dddcd5e0915991c",
        "android_client_info": {
          "package_name": "com.example.lnt"
        }
      },
      "oauth_client": [
        {
          "client_id": "153871929621-ti4mh2f1p6onvjiroh2cn816n80aa2g4.apps.googleusercontent.com",
          "client_type": 3
        }
      ],
      "api_key": [
        {
          "current_key": "AIzaSyCKhclJTducspbDyPnaM_eMd_Y83IHoJuM"
        }
      ],
      "services": {
        "appinvite_service": {
          "other_platform_oauth_client": [
            {
              "client_id": "153871929621-ti4mh2f1p6onvjiroh2cn816n80aa2g4.apps.googleusercontent.com",
              "client_type": 3
            }
          ]
        }
      }
    }
  ],
  "configuration_version": "1"
}